,pa_id,poi_common_id,poi_branch,poi_addr_city,poi_postcode,poi_city,poi_addr_street,poi_addr_housenumber,poi_conscriptionnumber,poi_geom,original,poi_website,poi_description,poi_fuel_adblue,poi_fuel_octane_100,poi_fuel_octane_98,poi_fuel_octane_95,poi_fuel_diesel_gtl,poi_fuel_diesel,poi_fuel_lpg,poi_fuel_e85,poi_rent_lpg_bottles,poi_compressed_air,poi_restaurant,poi_food,poi_truck,poi_ref,poi_phone,poi_email,poi_authentication_app,poi_authentication_none,poi_authentication_membership_card,poi_capacity,poi_fee,poi_parking_fee,poi_motorcar,poi_socket_chademo,poi_socket_chademo_output,poi_socket_type2_combo,poi_socket_type2_combo_output,poi_socket_type2_cable,poi_socket_type2_cable_output,poi_socket_type2,poi_socket_type2_output,poi_manufacturer,poi_model,poi_opening_hours_nonstop,poi_opening_hours_mo_open,poi_opening_hours_tu_open,poi_opening_hours_we_open,poi_opening_hours_th_open,poi_opening_hours_fr_open,poi_opening_hours_sa_open,poi_opening_hours_su_open,poi_opening_hours_mo_close,poi_opening_hours_tu_close,poi_opening_hours_we_close,poi_opening_hours_th_close,poi_opening_hours_fr_close,poi_opening_hours_sa_close,poi_opening_hours_su_close,poi_opening_hours_summer_mo_open,poi_opening_hours_summer_tu_open,poi_opening_hours_summer_we_open,poi_opening_hours_summer_th_open,poi_opening_hours_summer_fr_open,poi_opening_hours_summer_sa_open,poi_opening_hours_summer_su_open,poi_opening_hours_summer_mo_close,poi_opening_hours_summer_tu_close,poi_opening_hours_summer_we_close,poi_opening_hours_summer_th_close,poi_opening_hours_summer_fr_close,poi_opening_hours_summer_sa_close,poi_opening_hours_summer_su_close,poi_opening_hours_lunch_break_start,poi_opening_hours_lunch_break_stop,poi_public_holiday_open,poi_opening_hours,poi_created,poi_updated,poi_deleted,poi_lat,poi_lon,pc_id,poi_name,poi_type,poi_tags,poi_url_base,poi_code,poi_search_name,poi_search_avoid_name,preserve_original_name,preserve_original_post_code,osm_search_distance_perfect,osm_search_distance_safe,osm_search_distance_unsafe,osm_id,osm_node,osm_version,osm_changeset,osm_timestamp,osm_live_tags,osm_nodes,poi_distance,poi_new
6034,1089,32,M43 maroslele,0,6921,Maroslele,,,,POINT (46.28207 20.34035),Maroslele,http://www.oil-benzinkutak.hu/kuthalozat/oil-m43-maroslele/,,,,,True,,True,,,,,,,,904,+36 62 256 519,,,,,,,,,,,,,,,,,,,,,,,,,,,,,,,,,,,,,,,,,,,,,,,,,,,,2022-03-07 10:14:45.309866+00:00,,,46.2795612,20.337966253813555,32,OIL!,fuel,"{'operator': 'Mabanaft Hungary Kft.', 'payment:visa_electron': 'yes', 'brand': 'OIL!', 'payment:cash': 'yes', 'fuel:octane_95': 'yes', 'brand:wikipedia': 'OIL! Tankstellen', 'payment:contactless': 'yes', 'payment:maestro': 'yes', 'ref:HU:company': '01-09-699184', 'payment:visa': 'yes', 'payment:mastercard_electronic': 'yes', 'contact:facebook': 'https://www.facebook.com/OILHungary/', 'amenity': 'fuel', 'payment:mastercard_contactless': 'yes', 'brand:wikidata': 'Q2007561', 'fuel:diesel': 'yes', 'operator:addr': '1016 Budapest, Mészáros utca 58/B', 'ref:vatin': 'HU12700226', 'ref:vatin:hu': '12700226-2-44', 'name': 'OIL!', 'payment:mastercard': 'yes'}",https://www.oil-benzinkutak.hu,huoilfu,(oil|oil!|oil benzinkutak|oil-benzinkutak),,False,False,2000.0,450.0,60.0,871674436,OSM_object_type.way,2,0,2021-02-04 23:06:52.000000,"{'brand:wikidata': 'Q2007561', 'amenity': 'fuel', 'brand': 'OIL!', 'brand:wikipedia': 'de:OIL! Tankstellen', 'addr:city': 'Maroslele', 'name': 'OIL!', 'building': 'retail'}","[8119004103, 8119004108, 8119004107, 8119004106, 8119004105, 8119004104, 8119004103]",325.61207399,
6035,1035,32,Székesfehérvár,0,8151,M7,,,,POINT (47.0963 18.37192),Gorsium kijárat,http://www.oil-benzinkutak.hu/kuthalozat/oil-m7-gorsium/,,,,,True,,True,,,,,,,,906,,,,,,,,,,,,,,,,,,,,,,,,,,,,,,,,,,,,,,,,,,,,,,,,,,,,,2022-03-07 10:14:45.309866+00:00,,,47.0963,18.37192,32,OIL!,fuel,"{'operator': 'Mabanaft Hungary Kft.', 'payment:visa_electron': 'yes', 'brand': 'OIL!', 'payment:cash': 'yes', 'fuel:octane_95': 'yes', 'brand:wikipedia': 'OIL! Tankstellen', 'payment:contactless': 'yes', 'payment:maestro': 'yes', 'ref:HU:company': '01-09-699184', 'payment:visa': 'yes', 'payment:mastercard_electronic': 'yes', 'contact:facebook': 'https://www.facebook.com/OILHungary/', 'amenity': 'fuel', 'payment:mastercard_contactless': 'yes', 'brand:wikidata': 'Q2007561', 'fuel:diesel': 'yes', 'operator:addr': '1016 Budapest, Mészáros utca 58/B', 'ref:vatin': 'HU12700226', 'ref:vatin:hu': '12700226-2-44', 'name': 'OIL!', 'payment:mastercard': 'yes'}",https://www.oil-benzinkutak.hu,huoilfu,(oil|oil!|oil benzinkutak|oil-benzinkutak),,False,False,2000.0,450.0,60.0,,,,,2022-03-07 11:06:58.941541,,,,True
6036,1007,32,Hatvan,0,3000,Hatvan,Bercsényi út,76,,POINT (47.67474 19.66065),Bercsényi út 76.,https://www.oil-benzinkutak.hu,,,,,True,,True,,,,,,,,5460,,,,,,,,,,,,,,,,,,,,,,,,,,,,,,,,,,,,,,,,,,,,,,,,,,,,,2022-03-07 10:14:45.309866+00:00,,,47.67474,19.66065,32,OIL!,fuel,"{'operator': 'Mabanaft Hungary Kft.', 'payment:visa_electron': 'yes', 'brand': 'OIL!', 'payment:cash': 'yes', 'fuel:octane_95': 'yes', 'brand:wikipedia': 'OIL! Tankstellen', 'payment:contactless': 'yes', 'payment:maestro': 'yes', 'ref:HU:company': '01-09-699184', 'payment:visa': 'yes', 'payment:mastercard_electronic': 'yes', 'contact:facebook': 'https://www.facebook.com/OILHungary/', 'amenity': 'fuel', 'payment:mastercard_contactless': 'yes', 'brand:wikidata': 'Q2007561', 'fuel:diesel': 'yes', 'operator:addr': '1016 Budapest, Mészáros utca 58/B', 'ref:vatin': 'HU12700226', 'ref:vatin:hu': '12700226-2-44', 'name': 'OIL!', 'payment:mastercard': 'yes'}",https://www.oil-benzinkutak.hu,huoilfu,(oil|oil!|oil benzinkutak|oil-benzinkutak),,False,False,2000.0,450.0,60.0,,,,,2022-03-07 11:06:58.941541,,,,True
6037,968,32,"Budapest, ferihegyi út",163,1183,Budapest,Gyömrői út,220,,POINT (47.45318 19.1957),Gyömrői út 220.,http://www.oil-benzinkutak.hu/kuthalozat/oil-budapest-gyomroi-ut/,,,,,True,,True,,,,,,,,785,+36 30 640 4362,,,,,,,,,,,,,,,,,,,,,,,,,,,,,,,,,,,,,,,,,,,,,,,,,,,,2022-03-07 10:14:45.309866+00:00,,,47.45318,19.1957,32,OIL!,fuel,"{'operator': 'Mabanaft Hungary Kft.', 'payment:visa_electron': 'yes', 'brand': 'OIL!', 'payment:cash': 'yes', 'fuel:octane_95': 'yes', 'brand:wikipedia': 'OIL! Tankstellen', 'payment:contactless': 'yes', 'payment:maestro': 'yes', 'ref:HU:company': '01-09-699184', 'payment:visa': 'yes', 'payment:mastercard_electronic': 'yes', 'contact:facebook': 'https://www.facebook.com/OILHungary/', 'amenity': 'fuel', 'payment:mastercard_contactless': 'yes', 'brand:wikidata': 'Q2007561', 'fuel:diesel': 'yes', 'operator:addr': '1016 Budapest, Mészáros utca 58/B', 'ref:vatin': 'HU12700226', 'ref:vatin:hu': '12700226-2-44', 'name': 'OIL!', 'payment:mastercard': 'yes'}",https://www.oil-benzinkutak.hu,huoilfu,(oil|oil!|oil benzinkutak|oil-benzinkutak),,False,False,2000.0,450.0,60.0,,,,,2022-03-07 11:06:58.941541,,,,True
6038,989,32,Sóskút,628,2038,Sóskút,Ipari park,,,POINT (47.38733 18.83947),Ipari Park,http://www.oil-benzinkutak.hu/kuthalozat/oil-soskut/,,,,,True,,True,,,,,,,,922,+36 30 255 1425,,,,,,,,,,,,,,,,,,,,,,,,,,,,,,,,,,,,,,,,,,,,,,,,,,,,2022-03-07 10:14:45.309866+00:00,,,47.387761850000004,18.838924367757087,32,OIL!,fuel,"{'operator': 'Mabanaft Hungary Kft.', 'payment:visa_electron': 'yes', 'brand': 'OIL!', 'payment:cash': 'yes', 'fuel:octane_95': 'yes', 'brand:wikipedia': 'OIL! Tankstellen', 'payment:contactless': 'yes', 'payment:maestro': 'yes', 'ref:HU:company': '01-09-699184', 'payment:visa': 'yes', 'payment:mastercard_electronic': 'yes', 'contact:facebook': 'https://www.facebook.com/OILHungary/', 'amenity': 'fuel', 'payment:mastercard_contactless': 'yes', 'brand:wikidata': 'Q2007561', 'fuel:diesel': 'yes', 'operator:addr': '1016 Budapest, Mészáros utca 58/B', 'ref:vatin': 'HU12700226', 'ref:vatin:hu': '12700226-2-44', 'name': 'OIL!', 'payment:mastercard': 'yes'}",https://www.oil-benzinkutak.hu,huoilfu,(oil|oil!|oil benzinkutak|oil-benzinkutak),,False,False,2000.0,450.0,60.0,156197186,OSM_object_type.way,2,0,2017-09-16 06:23:34.000000,"{'fuel:diesel': 'yes', 'amenity': 'fuel', 'name': 'Oil', 'fuel:octane_95': 'yes', 'building': 'roof'}","[1684778413, 1684778407, 1684778363, 1684778371, 1684778413]",60.46169323,
6039,1002,32,Erdőkertes,681,2113,Erdőkertes,Fő út,234,,POINT (47.66967 19.32959),Fő út 234.,http://www.oil-benzinkutak.hu/oil-erdokertes/,,,,,True,,True,,,,,,,,976,,,,,,,,,,,,,,,,,,,,,,,,,,,,,,,,,,,,,,,,,,,,,,,,,,,,,2022-03-07 10:14:45.309866+00:00,,,47.6696009,19.3294698,32,OIL!,fuel,"{'operator': 'Mabanaft Hungary Kft.', 'payment:visa_electron': 'yes', 'brand': 'OIL!', 'payment:cash': 'yes', 'fuel:octane_95': 'yes', 'brand:wikipedia': 'OIL! Tankstellen', 'payment:contactless': 'yes', 'payment:maestro': 'yes', 'ref:HU:company': '01-09-699184', 'payment:visa': 'yes', 'payment:mastercard_electronic': 'yes', 'contact:facebook': 'https://www.facebook.com/OILHungary/', 'amenity': 'fuel', 'payment:mastercard_contactless': 'yes', 'brand:wikidata': 'Q2007561', 'fuel:diesel': 'yes', 'operator:addr': '1016 Budapest, Mészáros utca 58/B', 'ref:vatin': 'HU12700226', 'ref:vatin:hu': '12700226-2-44', 'name': 'OIL!', 'payment:mastercard': 'yes'}",https://www.oil-benzinkutak.hu,huoilfu,(oil|oil!|oil benzinkutak|oil-benzinkutak),,False,False,2000.0,450.0,60.0,1806069617,OSM_object_type.node,2,0,2019-08-14 20:51:05.000000,"{'operator': 'Fixoil Kft.', 'fuel:octane_95': 'yes', 'addr:street': 'Fő út', 'brand': 'Independent', 'addr:postcode': '2113', 'addr:housenumber': '234', 'amenity': 'fuel', 'fuel:e85': 'yes', 'opening_hours': 'Mo-Su 06:00-20:00', 'fuel:diesel': 'yes', 'addr:city': 'Erdőkertes', 'self_service': 'yes', 'name': 'Fixoil Benzinkút', 'shop': 'convenience'}",,0,
6040,1022,32,Sződliget,696,2600,Sződliget,2. számú főközlekedési út 26 km külterület,,,POINT (47.75455 19.13957),2-es főút 26 km külterület,https://www.oil-benzinkutak.hu,,,,,True,,True,,,,,,,,1557,,,,,,,,,,,,,,,,,,,,,,,,,,,,,,,,,,,,,,,,,,,,,,,,,,,,,2022-03-07 10:14:45.309866+00:00,,,47.75455,19.13957,32,OIL!,fuel,"{'operator': 'Mabanaft Hungary Kft.', 'payment:visa_electron': 'yes', 'brand': 'OIL!', 'payment:cash': 'yes', 'fuel:octane_95': 'yes', 'brand:wikipedia': 'OIL! Tankstellen', 'payment:contactless': 'yes', 'payment:maestro': 'yes', 'ref:HU:company': '01-09-699184', 'payment:visa': 'yes', 'payment:mastercard_electronic': 'yes', 'contact:facebook': 'https://www.facebook.com/OILHungary/', 'amenity': 'fuel', 'payment:mastercard_contactless': 'yes', 'brand:wikidata': 'Q2007561', 'fuel:diesel': 'yes', 'operator:addr': '1016 Budapest, Mészáros utca 58/B', 'ref:vatin': 'HU12700226', 'ref:vatin:hu': '12700226-2-44', 'name': 'OIL!', 'payment:mastercard': 'yes'}",https://www.oil-benzinkutak.hu,huoilfu,(oil|oil!|oil benzinkutak|oil-benzinkutak),,False,False,2000.0,450.0,60.0,,,,,2022-03-07 11:06:58.941541,,,,True
6041,992,32,Fót,706,2151,Fót,Keleti Márton utca,7/A,,POINT (47.61449 19.17545),Keleti Márton utca 7/A.,http://www.oil-benzinkutak.hu/kuthalozat/oil-fot/,,,,,True,,True,,,,,,,,884,+36 30 914 2509,,,,,,,,,,,,,,,,,,,,,,,,,,,,,,,,,,,,,,,,,,,,,,,,,,,,2022-03-07 10:14:45.309866+00:00,,,47.6149506,19.1757445,32,OIL!,fuel,"{'operator': 'Mabanaft Hungary Kft.', 'payment:visa_electron': 'yes', 'brand': 'OIL!', 'payment:cash': 'yes', 'fuel:octane_95': 'yes', 'brand:wikipedia': 'OIL! Tankstellen', 'payment:contactless': 'yes', 'payment:maestro': 'yes', 'ref:HU:company': '01-09-699184', 'payment:visa': 'yes', 'payment:mastercard_electronic': 'yes', 'contact:facebook': 'https://www.facebook.com/OILHungary/', 'amenity': 'fuel', 'payment:mastercard_contactless': 'yes', 'brand:wikidata': 'Q2007561', 'fuel:diesel': 'yes', 'operator:addr': '1016 Budapest, Mészáros utca 58/B', 'ref:vatin': 'HU12700226', 'ref:vatin:hu': '12700226-2-44', 'name': 'OIL!', 'payment:mastercard': 'yes'}",https://www.oil-benzinkutak.hu,huoilfu,(oil|oil!|oil benzinkutak|oil-benzinkutak),,False,False,2000.0,450.0,60.0,928445624,OSM_object_type.node,3,0,2020-05-12 21:34:19.000000,"{'addr:street': 'Keleti Márton utca', 'amenity': 'fuel', 'brand': 'OIL!', 'addr:postcode': '2151', 'addr:housenumber': '7/A', 'opening_hours': 'Mo-Fr 06:00-20:30; Sa 06:00-20:00', 'addr:city': 'Fót', 'name': 'OIL!', 'website': 'http://www.oil-benzinkutak.hu', 'phone': '+36 30 914 2509'}",,0,
6042,961,32,Maglód,750,2234,Maglód,Liszt Ferenc utca,6/A,,POINT (47.44022 19.34788),Liszt Ferenc utca 6/A.,http://www.oil-benzinkutak.hu/kuthalozat/oil-maglod/,,,,,True,,True,,,,,,,,908,+36 70 770 9833,,,,,,,,,,,,,,,,,,,,,,,,,,,,,,,,,,,,,,,,,,,,,,,,,,,,2022-03-07 10:14:45.309866+00:00,,,47.4403232,19.3478663,32,OIL!,fuel,"{'operator': 'Mabanaft Hungary Kft.', 'payment:visa_electron': 'yes', 'brand': 'OIL!', 'payment:cash': 'yes', 'fuel:octane_95': 'yes', 'brand:wikipedia': 'OIL! Tankstellen', 'payment:contactless': 'yes', 'payment:maestro': 'yes', 'ref:HU:company': '01-09-699184', 'payment:visa': 'yes', 'payment:mastercard_electronic': 'yes', 'contact:facebook': 'https://www.facebook.com/OILHungary/', 'amenity': 'fuel', 'payment:mastercard_contactless': 'yes', 'brand:wikidata': 'Q2007561', 'fuel:diesel': 'yes', 'operator:addr': '1016 Budapest, Mészáros utca 58/B', 'ref:vatin': 'HU12700226', 'ref:vatin:hu': '12700226-2-44', 'name': 'OIL!', 'payment:mastercard': 'yes'}",https://www.oil-benzinkutak.hu,huoilfu,(oil|oil!|oil benzinkutak|oil-benzinkutak),,False,False,2000.0,450.0,60.0,1058733587,OSM_object_type.node,6,0,2013-02-10 12:00:54.000000,"{'fuel:octane_95': 'yes', 'addr:street': 'Liszt Ferenc utca', 'fuel:biodiesel': 'no', 'addr:postcode': '2234', 'addr:housenumber': '6/A', 'source': 'local knowledge', 'amenity': 'fuel', 'fuel:diesel': 'no', 'fuel:lpg': 'no', 'addr:country': 'HU', 'addr:city': 'Maglód', 'fuel:ethanol': 'no', 'name': 'OIL!', 'fuel:octane_100': 'no', 'fuel:octane_98': 'no'}",,0,
6043,975,32,Szigetszentmiklós,765,2310,Szigetszentmiklós,Gyári út,45,,POINT (47.33483 19.00324),Gyári út 45.,https://www.oil-benzinkutak.hu,,,,,True,,True,,,,,,,,1555,,,,,,,,,,,,,,,,,,,,,,,,,,,,,,,,,,,,,,,,,,,,,,,,,,,,,2022-03-07 10:14:45.309866+00:00,,,47.3348984,19.00363008147226,32,OIL!,fuel,"{'operator': 'Mabanaft Hungary Kft.', 'payment:visa_electron': 'yes', 'brand': 'OIL!', 'payment:cash': 'yes', 'fuel:octane_95': 'yes', 'brand:wikipedia': 'OIL! Tankstellen', 'payment:contactless': 'yes', 'payment:maestro': 'yes', 'ref:HU:company': '01-09-699184', 'payment:visa': 'yes', 'payment:mastercard_electronic': 'yes', 'contact:facebook': 'https://www.facebook.com/OILHungary/', 'amenity': 'fuel', 'payment:mastercard_contactless': 'yes', 'brand:wikidata': 'Q2007561', 'fuel:diesel': 'yes', 'operator:addr': '1016 Budapest, Mészáros utca 58/B', 'ref:vatin': 'HU12700226', 'ref:vatin:hu': '12700226-2-44', 'name': 'OIL!', 'payment:mastercard': 'yes'}",https://www.oil-benzinkutak.hu,huoilfu,(oil|oil!|oil benzinkutak|oil-benzinkutak),,False,False,2000.0,450.0,60.0,872865422,OSM_object_type.way,1,0,2020-11-17 07:37:24.000000,"{'amenity': 'fuel', 'name': 'OIL!', 'building': 'yes'}","[8128282861, 8128282860, 8128282857, 8128282859, 8128282858, 8128282861]",22.08116435,
6044,972,32,Szigethalom,770,2315,Szigethalom,,,,POINT (47.3192 19.01935),Műút 222.,http://www.oil-benzinkutak.hu/kuthalozat/oil-szigethalom/,,,,,True,,True,,,,,,,,930,+36 30 218 1408,,,,,,,,,,,,,,,,,,,,,,,,,,,,,,,,,,,,,,,,,,,,,,,,,,,,2022-03-07 10:14:45.309866+00:00,,,47.3177929,19.0185286,32,OIL!,fuel,"{'operator': 'Mabanaft Hungary Kft.', 'payment:visa_electron': 'yes', 'brand': 'OIL!', 'payment:cash': 'yes', 'fuel:octane_95': 'yes', 'brand:wikipedia': 'OIL! Tankstellen', 'payment:contactless': 'yes', 'payment:maestro': 'yes', 'ref:HU:company': '01-09-699184', 'payment:visa': 'yes', 'payment:mastercard_electronic': 'yes', 'contact:facebook': 'https://www.facebook.com/OILHungary/', 'amenity': 'fuel', 'payment:mastercard_contactless': 'yes', 'brand:wikidata': 'Q2007561', 'fuel:diesel': 'yes', 'operator:addr': '1016 Budapest, Mészáros utca 58/B', 'ref:vatin': 'HU12700226', 'ref:vatin:hu': '12700226-2-44', 'name': 'OIL!', 'payment:mastercard': 'yes'}",https://www.oil-benzinkutak.hu,huoilfu,(oil|oil!|oil benzinkutak|oil-benzinkutak),,False,False,2000.0,450.0,60.0,4609572743,OSM_object_type.node,2,0,2019-07-31 12:26:17.000000,"{'brand:wikidata': 'Q2007561', 'brand:wikipedia': 'de:OIL! Tankstellen', 'amenity': 'fuel', 'brand': 'OIL!', 'name': 'OIL!'}",,168.26895611,
6045,965,32,Dunavarsány,782,2336,Dunavarsány,Nagyvarsányi utca,155,,POINT (47.28526 19.05118),Nagyvarsányi utca 155.,http://www.oil-benzinkutak.hu/kuthalozat/oil-dunavarsany/,,,,,True,,True,,,,,,,,878,+36 24 511 140,,,,,,,,,,,,,,,,,,,,,,,,,,,,,,,,,,,,,,,,,,,,,,,,,,,,2022-03-07 10:14:45.309866+00:00,,,47.2852743,19.0511046,32,OIL!,fuel,"{'operator': 'Mabanaft Hungary Kft.', 'payment:visa_electron': 'yes', 'brand': 'OIL!', 'payment:cash': 'yes', 'fuel:octane_95': 'yes', 'brand:wikipedia': 'OIL! Tankstellen', 'payment:contactless': 'yes', 'payment:maestro': 'yes', 'ref:HU:company': '01-09-699184', 'payment:visa': 'yes', 'payment:mastercard_electronic': 'yes', 'contact:facebook': 'https://www.facebook.com/OILHungary/', 'amenity': 'fuel', 'payment:mastercard_contactless': 'yes', 'brand:wikidata': 'Q2007561', 'fuel:diesel': 'yes', 'operator:addr': '1016 Budapest, Mészáros utca 58/B', 'ref:vatin': 'HU12700226', 'ref:vatin:hu': '12700226-2-44', 'name': 'OIL!', 'payment:mastercard': 'yes'}",https://www.oil-benzinkutak.hu,huoilfu,(oil|oil!|oil benzinkutak|oil-benzinkutak),,False,False,2000.0,450.0,60.0,1810222680,OSM_object_type.node,3,0,2019-09-24 17:04:45.000000,"{'brand:wikidata': 'Q2007561', 'brand:wikipedia': 'de:OIL! Tankstellen', 'amenity': 'fuel', 'brand': 'OIL!', 'name': 'OIL!'}",,5.90544844,
6046,957,32,Ócsa,795,2364,Ócsa,Kiss János út,1,,POINT (47.29151 19.23099),Kiss János út 1.,http://www.oil-benzinkutak.hu/kuthalozat/oil-ocsa/,,,,,True,,True,,,,,,,,918,+36 20 965 6456,,,,,,,,,,,,,,,,,,,,,,,,,,,,,,,,,,,,,,,,,,,,,,,,,,,,2022-03-07 10:14:45.309866+00:00,,,47.29073495,19.229823141786763,32,OIL!,fuel,"{'operator': 'Mabanaft Hungary Kft.', 'payment:visa_electron': 'yes', 'brand': 'OIL!', 'payment:cash': 'yes', 'fuel:octane_95': 'yes', 'brand:wikipedia': 'OIL! Tankstellen', 'payment:contactless': 'yes', 'payment:maestro': 'yes', 'ref:HU:company': '01-09-699184', 'payment:visa': 'yes', 'payment:mastercard_electronic': 'yes', 'contact:facebook': 'https://www.facebook.com/OILHungary/', 'amenity': 'fuel', 'payment:mastercard_contactless': 'yes', 'brand:wikidata': 'Q2007561', 'fuel:diesel': 'yes', 'operator:addr': '1016 Budapest, Mészáros utca 58/B', 'ref:vatin': 'HU12700226', 'ref:vatin:hu': '12700226-2-44', 'name': 'OIL!', 'payment:mastercard': 'yes'}",https://www.oil-benzinkutak.hu,huoilfu,(oil|oil!|oil benzinkutak|oil-benzinkutak),,False,False,2000.0,450.0,60.0,347103517,OSM_object_type.way,3,0,2015-08-05 09:49:14.000000,"{'amenity': 'fuel', 'name': 'OIL benzinkút', 'building': 'yes'}","[3535202081, 3535202082, 3535202083, 3535202084, 3535202086, 3535202081]",118.11289973,
6047,954,32,Táborfalva,808,2381,Táborfalva,Kecskeméti út,4/A,,POINT (47.09581 19.47308),Kecskeméti út 4/a.,http://www.oil-benzinkutak.hu/kuthalozat/oil-taborfalva/,,,,,True,,True,,,,,,,,934,+36 20 430 9611,,,,,,,,,,,,,,,,,,,,,,,,,,,,,,,,,,,,,,,,,,,,,,,,,,,,2022-03-07 10:14:45.309866+00:00,,,47.09581,19.47308,32,OIL!,fuel,"{'operator': 'Mabanaft Hungary Kft.', 'payment:visa_electron': 'yes', 'brand': 'OIL!', 'payment:cash': 'yes', 'fuel:octane_95': 'yes', 'brand:wikipedia': 'OIL! Tankstellen', 'payment:contactless': 'yes', 'payment:maestro': 'yes', 'ref:HU:company': '01-09-699184', 'payment:visa': 'yes', 'payment:mastercard_electronic': 'yes', 'contact:facebook': 'https://www.facebook.com/OILHungary/', 'amenity': 'fuel', 'payment:mastercard_contactless': 'yes', 'brand:wikidata': 'Q2007561', 'fuel:diesel': 'yes', 'operator:addr': '1016 Budapest, Mészáros utca 58/B', 'ref:vatin': 'HU12700226', 'ref:vatin:hu': '12700226-2-44', 'name': 'OIL!', 'payment:mastercard': 'yes'}",https://www.oil-benzinkutak.hu,huoilfu,(oil|oil!|oil benzinkutak|oil-benzinkutak),,False,False,2000.0,450.0,60.0,,,,,2022-03-07 11:06:58.941541,,,,True
6048,982,32,Dunaújváros,809,2400,Dunaújváros,Arany János utca,1,,POINT (46.97364 18.92816),Arany János u. 6,http://www.oil-benzinkutak.hu/kuthalozat/oil-dunaujvaros/,,,,,True,,True,,,,,,,,876,+36 30 458 0840,,,,,,,,,,,,,,,,,,,,,,,,,,,,,,,,,,,,,,,,,,,,,,,,,,,,2022-03-07 10:14:45.309866+00:00,,,46.9737075,18.928265208872013,32,OIL!,fuel,"{'operator': 'Mabanaft Hungary Kft.', 'payment:visa_electron': 'yes', 'brand': 'OIL!', 'payment:cash': 'yes', 'fuel:octane_95': 'yes', 'brand:wikipedia': 'OIL! Tankstellen', 'payment:contactless': 'yes', 'payment:maestro': 'yes', 'ref:HU:company': '01-09-699184', 'payment:visa': 'yes', 'payment:mastercard_electronic': 'yes', 'contact:facebook': 'https://www.facebook.com/OILHungary/', 'amenity': 'fuel', 'payment:mastercard_contactless': 'yes', 'brand:wikidata': 'Q2007561', 'fuel:diesel': 'yes', 'operator:addr': '1016 Budapest, Mészáros utca 58/B', 'ref:vatin': 'HU12700226', 'ref:vatin:hu': '12700226-2-44', 'name': 'OIL!', 'payment:mastercard': 'yes'}",https://www.oil-benzinkutak.hu,huoilfu,(oil|oil!|oil benzinkutak|oil-benzinkutak),,False,False,2000.0,450.0,60.0,243419251,OSM_object_type.way,4,0,2020-05-12 21:34:39.000000,"{'operator': 'Shell', 'addr:street': 'Arany János utca', 'brand': 'Shell', 'addr:postcode': '2400', 'addr:housenumber': '1', 'toilets:wheelchair': 'yes', 'wheelchair': 'yes', 'amenity': 'fuel', 'phone': '+36 25 281 081', 'addr:city': 'Dunaújváros', 'name': 'Shell', 'building': 'yes'}","[2508327311, 2508327312, 2508327313, 2508327314, 2508327311]",0.0,
6049,985,32,Nagyvenyim,816,2421,Nagyvenyim,Fő út,18,,POINT (46.95622 18.85147),Fő út 18.,http://www.oil-benzinkutak.hu/kuthalozat/oil-nagyvenyim/,,,,,True,,True,,,,,,,,916,+36 25 258 853,,,,,,,,,,,,,,,,,,,,,,,,,,,,,,,,,,,,,,,,,,,,,,,,,,,,2022-03-07 10:14:45.309866+00:00,,,46.955832,18.8520495392555,32,OIL!,fuel,"{'operator': 'Mabanaft Hungary Kft.', 'payment:visa_electron': 'yes', 'brand': 'OIL!', 'payment:cash': 'yes', 'fuel:octane_95': 'yes', 'brand:wikipedia': 'OIL! Tankstellen', 'payment:contactless': 'yes', 'payment:maestro': 'yes', 'ref:HU:company': '01-09-699184', 'payment:visa': 'yes', 'payment:mastercard_electronic': 'yes', 'contact:facebook': 'https://www.facebook.com/OILHungary/', 'amenity': 'fuel', 'payment:mastercard_contactless': 'yes', 'brand:wikidata': 'Q2007561', 'fuel:diesel': 'yes', 'operator:addr': '1016 Budapest, Mészáros utca 58/B', 'ref:vatin': 'HU12700226', 'ref:vatin:hu': '12700226-2-44', 'name': 'OIL!', 'payment:mastercard': 'yes'}",https://www.oil-benzinkutak.hu,huoilfu,(oil|oil!|oil benzinkutak|oil-benzinkutak),,False,False,2000.0,450.0,60.0,872868033,OSM_object_type.way,1,0,2020-11-17 07:47:03.000000,"{'amenity': 'fuel', 'name': 'OIL!', 'building': 'yes'}","[8128305610, 8128305609, 8128305608, 8128305607, 8128305610]",57.00829009,
6050,1012,32,Mezőfalva,817,2422,Mezőfalva,Kisfaludy Károly utca,,408/2,POINT (46.92845 18.78553),Kisfaludy Károly utca hrsz. 408/2/A,https://www.oil-benzinkutak.hu,,,,,True,,True,,,,,,,,6457,,,,,,,,,,,,,,,,,,,,,,,,,,,,,,,,,,,,,,,,,,,,,,,,,,,,,2022-03-07 10:14:45.309866+00:00,,,46.92845,18.78553,32,OIL!,fuel,"{'operator': 'Mabanaft Hungary Kft.', 'payment:visa_electron': 'yes', 'brand': 'OIL!', 'payment:cash': 'yes', 'fuel:octane_95': 'yes', 'brand:wikipedia': 'OIL! Tankstellen', 'payment:contactless': 'yes', 'payment:maestro': 'yes', 'ref:HU:company': '01-09-699184', 'payment:visa': 'yes', 'payment:mastercard_electronic': 'yes', 'contact:facebook': 'https://www.facebook.com/OILHungary/', 'amenity': 'fuel', 'payment:mastercard_contactless': 'yes', 'brand:wikidata': 'Q2007561', 'fuel:diesel': 'yes', 'operator:addr': '1016 Budapest, Mészáros utca 58/B', 'ref:vatin': 'HU12700226', 'ref:vatin:hu': '12700226-2-44', 'name': 'OIL!', 'payment:mastercard': 'yes'}",https://www.oil-benzinkutak.hu,huoilfu,(oil|oil!|oil benzinkutak|oil-benzinkutak),,False,False,2000.0,450.0,60.0,,,,,2022-03-07 11:06:58.941541,,,,True
6051,1039,32,Szob,912,2628,Szob,Ady Endre utca,179,,POINT (47.82059 18.86497),Ady Endre utca 179.,http://www.oil-benzinkutak.hu/kuthalozat/oil-szob/,,,,,True,,True,,,,,,,,932,+36 27 370 805,,,,,,,,,,,,,,,,,,,,,,,,,,,,,,,,,,,,,,,,,,,,,,,,,,,,2022-03-07 10:14:45.309866+00:00,,,47.82059,18.86497,32,OIL!,fuel,"{'operator': 'Mabanaft Hungary Kft.', 'payment:visa_electron': 'yes', 'brand': 'OIL!', 'payment:cash': 'yes', 'fuel:octane_95': 'yes', 'brand:wikipedia': 'OIL! Tankstellen', 'payment:contactless': 'yes', 'payment:maestro': 'yes', 'ref:HU:company': '01-09-699184', 'payment:visa': 'yes', 'payment:mastercard_electronic': 'yes', 'contact:facebook': 'https://www.facebook.com/OILHungary/', 'amenity': 'fuel', 'payment:mastercard_contactless': 'yes', 'brand:wikidata': 'Q2007561', 'fuel:diesel': 'yes', 'operator:addr': '1016 Budapest, Mészáros utca 58/B', 'ref:vatin': 'HU12700226', 'ref:vatin:hu': '12700226-2-44', 'name': 'OIL!', 'payment:mastercard': 'yes'}",https://www.oil-benzinkutak.hu,huoilfu,(oil|oil!|oil benzinkutak|oil-benzinkutak),,False,False,2000.0,450.0,60.0,,,,,2022-03-07 11:06:58.941541,,,,True
6052,1053,32,Balassagyarmat,945,2660,Balassagyarmat,Rákóczi fejedelem út,,,POINT (48.08004 19.30831),Rákóczi fejedelem út,http://www.oil-benzinkutak.hu/kuthalozat/oil-balassagyarmat/,,,,,True,,True,,,,,,,,866,+36 35 500 070,,,,,,,,,,,,,,,,,,,,,,,,,,,,,,,,,,,,,,,,,,,,,,,,,,,,2022-03-07 10:14:45.309866+00:00,,,48.0795027,19.31311866111033,32,OIL!,fuel,"{'operator': 'Mabanaft Hungary Kft.', 'payment:visa_electron': 'yes', 'brand': 'OIL!', 'payment:cash': 'yes', 'fuel:octane_95': 'yes', 'brand:wikipedia': 'OIL! Tankstellen', 'payment:contactless': 'yes', 'payment:maestro': 'yes', 'ref:HU:company': '01-09-699184', 'payment:visa': 'yes', 'payment:mastercard_electronic': 'yes', 'contact:facebook': 'https://www.facebook.com/OILHungary/', 'amenity': 'fuel', 'payment:mastercard_contactless': 'yes', 'brand:wikidata': 'Q2007561', 'fuel:diesel': 'yes', 'operator:addr': '1016 Budapest, Mészáros utca 58/B', 'ref:vatin': 'HU12700226', 'ref:vatin:hu': '12700226-2-44', 'name': 'OIL!', 'payment:mastercard': 'yes'}",https://www.oil-benzinkutak.hu,huoilfu,(oil|oil!|oil benzinkutak|oil-benzinkutak),,False,False,2000.0,450.0,60.0,547707451,OSM_object_type.way,3,0,2019-06-15 09:34:39.000000,"{'brand:wikidata': 'Q2007561', 'amenity': 'fuel', 'brand': 'OIL!', 'brand:wikipedia': 'de:OIL! Tankstellen', 'name': 'OIL!', 'building': 'yes'}","[5291983789, 5291983790, 5291983791, 5291983792, 5291983793, 6549038001, 6549038008, 5291983789]",355.42681932,
6053,1103,32,Komárom,1060,2903,Komárom,Ácsi út,84,,POINT (47.74123 18.08257),Ácsi út 84.,http://www.oil-benzinkutak.hu/kuthalozat/oil-komarom/,,,,,True,,True,,,,,,,,900,+36 34 444 110,,,,,,,,,,,,,,,,,,,,,,,,,,,,,,,,,,,,,,,,,,,,,,,,,,,,2022-03-07 10:14:45.309866+00:00,,,47.7422887,18.0855982,32,OIL!,fuel,"{'operator': 'Mabanaft Hungary Kft.', 'payment:visa_electron': 'yes', 'brand': 'OIL!', 'payment:cash': 'yes', 'fuel:octane_95': 'yes', 'brand:wikipedia': 'OIL! Tankstellen', 'payment:contactless': 'yes', 'payment:maestro': 'yes', 'ref:HU:company': '01-09-699184', 'payment:visa': 'yes', 'payment:mastercard_electronic': 'yes', 'contact:facebook': 'https://www.facebook.com/OILHungary/', 'amenity': 'fuel', 'payment:mastercard_contactless': 'yes', 'brand:wikidata': 'Q2007561', 'fuel:diesel': 'yes', 'operator:addr': '1016 Budapest, Mészáros utca 58/B', 'ref:vatin': 'HU12700226', 'ref:vatin:hu': '12700226-2-44', 'name': 'OIL!', 'payment:mastercard': 'yes'}",https://www.oil-benzinkutak.hu,huoilfu,(oil|oil!|oil benzinkutak|oil-benzinkutak),,False,False,2000.0,450.0,60.0,4439619514,OSM_object_type.node,2,0,2021-09-20 13:07:07.000000,"{'amenity': 'fuel', 'name': 'Oil!', 'website': 'http://www.oil-benzinkutak.hu/oil-komarom.php'}",,255.2091468,
6054,1086,32,Almásfüzitő,0,2931,Almásfüzitő,,,020/16,POINT (47.73256 18.21029),020/16. hrsz.,http://www.oil-benzinkutak.hu/kuthalozat/oil-almasfuzito/,,,,,True,,True,,,,,,,,859,+36 20 779 8970,,,,,,,,,,,,,,,,,,,,,,,,,,,,,,,,,,,,,,,,,,,,,,,,,,,,2022-03-07 10:14:45.309866+00:00,,,47.7325413,18.210319900000002,32,OIL!,fuel,"{'operator': 'Mabanaft Hungary Kft.', 'payment:visa_electron': 'yes', 'brand': 'OIL!', 'payment:cash': 'yes', 'fuel:octane_95': 'yes', 'brand:wikipedia': 'OIL! Tankstellen', 'payment:contactless': 'yes', 'payment:maestro': 'yes', 'ref:HU:company': '01-09-699184', 'payment:visa': 'yes', 'payment:mastercard_electronic': 'yes', 'contact:facebook': 'https://www.facebook.com/OILHungary/', 'amenity': 'fuel', 'payment:mastercard_contactless': 'yes', 'brand:wikidata': 'Q2007561', 'fuel:diesel': 'yes', 'operator:addr': '1016 Budapest, Mészáros utca 58/B', 'ref:vatin': 'HU12700226', 'ref:vatin:hu': '12700226-2-44', 'name': 'OIL!', 'payment:mastercard': 'yes'}",https://www.oil-benzinkutak.hu,huoilfu,(oil|oil!|oil benzinkutak|oil-benzinkutak),,False,False,2000.0,450.0,60.0,402935838,OSM_object_type.way,4,0,2019-11-27 15:40:55.000000,"{'brand:wikidata': 'Q2007561', 'amenity': 'fuel', 'brand': 'OIL!', 'addr:postcode': '2931', 'brand:wikipedia': 'de:OIL! Tankstellen', 'addr:city': 'Almásfüzitő', 'addr:conscriptionnumber': '020/16', 'name': 'OIL!', 'building': 'roof'}","[4053338262, 4053338261, 4053338264, 4053338263, 4053338262]",0.0,
6055,1092,32,Nagyigmánd,1071,2942,Nagyigmánd,Szákszendi elágazás,,,POINT (47.62889 18.09326),Szákszendi elágazás,http://www.oil-benzinkutak.hu/kuthalozat/oil-nagyigmand/,,,,,True,,True,,,,,,,,914,+36 20 779 8973,,,,,,,,,,,,,,,,,,,,,,,,,,,,,,,,,,,,,,,,,,,,,,,,,,,,2022-03-07 10:14:45.309866+00:00,,,47.62889,18.09326,32,OIL!,fuel,"{'operator': 'Mabanaft Hungary Kft.', 'payment:visa_electron': 'yes', 'brand': 'OIL!', 'payment:cash': 'yes', 'fuel:octane_95': 'yes', 'brand:wikipedia': 'OIL! Tankstellen', 'payment:contactless': 'yes', 'payment:maestro': 'yes', 'ref:HU:company': '01-09-699184', 'payment:visa': 'yes', 'payment:mastercard_electronic': 'yes', 'contact:facebook': 'https://www.facebook.com/OILHungary/', 'amenity': 'fuel', 'payment:mastercard_contactless': 'yes', 'brand:wikidata': 'Q2007561', 'fuel:diesel': 'yes', 'operator:addr': '1016 Budapest, Mészáros utca 58/B', 'ref:vatin': 'HU12700226', 'ref:vatin:hu': '12700226-2-44', 'name': 'OIL!', 'payment:mastercard': 'yes'}",https://www.oil-benzinkutak.hu,huoilfu,(oil|oil!|oil benzinkutak|oil-benzinkutak),,False,False,2000.0,450.0,60.0,,,,,2022-03-07 11:06:58.941541,,,,True
6056,1111,32,Bábolna,1072,2943,Bábolna,Ács út,2,,POINT (47.65187 17.97695),Ács út 2.,http://www.oil-benzinkutak.hu/kuthalozat/oil-babolna/,,,,,True,,True,,,,,,,,863,+36 34 369 516,,,,,,,,,,,,,,,,,,,,,,,,,,,,,,,,,,,,,,,,,,,,,,,,,,,,2022-03-07 10:14:45.309866+00:00,,,47.65187,17.97695,32,OIL!,fuel,"{'operator': 'Mabanaft Hungary Kft.', 'payment:visa_electron': 'yes', 'brand': 'OIL!', 'payment:cash': 'yes', 'fuel:octane_95': 'yes', 'brand:wikipedia': 'OIL! Tankstellen', 'payment:contactless': 'yes', 'payment:maestro': 'yes', 'ref:HU:company': '01-09-699184', 'payment:visa': 'yes', 'payment:mastercard_electronic': 'yes', 'contact:facebook': 'https://www.facebook.com/OILHungary/', 'amenity': 'fuel', 'payment:mastercard_contactless': 'yes', 'brand:wikidata': 'Q2007561', 'fuel:diesel': 'yes', 'operator:addr': '1016 Budapest, Mészáros utca 58/B', 'ref:vatin': 'HU12700226', 'ref:vatin:hu': '12700226-2-44', 'name': 'OIL!', 'payment:mastercard': 'yes'}",https://www.oil-benzinkutak.hu,huoilfu,(oil|oil!|oil benzinkutak|oil-benzinkutak),,False,False,2000.0,450.0,60.0,,,,,2022-03-07 11:06:58.941541,,,,True
6057,1016,32,Hort,1090,3014,Hort,Kossuth út,198,,POINT (47.69486 19.79944),Kossuth út 198.,http://www.oil-benzinkutak.hu/kuthalozat/oil-hort/,,,,,True,,True,,,,,,,,896,+36 20 779 8966,,,,,,,,,,,,,,,,,,,,,,,,,,,,,,,,,,,,,,,,,,,,,,,,,,,,2022-03-07 10:14:45.309866+00:00,,,47.69491245,19.79955995,32,OIL!,fuel,"{'operator': 'Mabanaft Hungary Kft.', 'payment:visa_electron': 'yes', 'brand': 'OIL!', 'payment:cash': 'yes', 'fuel:octane_95': 'yes', 'brand:wikipedia': 'OIL! Tankstellen', 'payment:contactless': 'yes', 'payment:maestro': 'yes', 'ref:HU:company': '01-09-699184', 'payment:visa': 'yes', 'payment:mastercard_electronic': 'yes', 'contact:facebook': 'https://www.facebook.com/OILHungary/', 'amenity': 'fuel', 'payment:mastercard_contactless': 'yes', 'brand:wikidata': 'Q2007561', 'fuel:diesel': 'yes', 'operator:addr': '1016 Budapest, Mészáros utca 58/B', 'ref:vatin': 'HU12700226', 'ref:vatin:hu': '12700226-2-44', 'name': 'OIL!', 'payment:mastercard': 'yes'}",https://www.oil-benzinkutak.hu,huoilfu,(oil|oil!|oil benzinkutak|oil-benzinkutak),,False,False,2000.0,450.0,60.0,682498914,OSM_object_type.way,3,0,2021-04-25 20:04:46.000000,"{'brand:wikidata': 'Q2007561', 'amenity': 'fuel', 'brand': 'OIL!', 'brand:wikipedia': 'de:OIL! Tankstellen', 'name': 'OIL!', 'building': 'yes'}","[6391599525, 6391599522, 6391599523, 6391599524, 6391599525]",2.85962823,
6058,1026,32,Gyöngyös,1194,3200,Gyöngyös,Karácsondi út,9,,POINT (47.77279 19.93953),Karácsondi út 9.,http://www.oil-benzinkutak.hu/kuthalozat/oil-gyongyos/,,,,,True,,True,,,,,,,,888,+36 37 304 562,,,,,,,,,,,,,,,,,,,,,,,,,,,,,,,,,,,,,,,,,,,,,,,,,,,,2022-03-07 10:14:45.309866+00:00,,,47.77283935,19.939485594564523,32,OIL!,fuel,"{'operator': 'Mabanaft Hungary Kft.', 'payment:visa_electron': 'yes', 'brand': 'OIL!', 'payment:cash': 'yes', 'fuel:octane_95': 'yes', 'brand:wikipedia': 'OIL! Tankstellen', 'payment:contactless': 'yes', 'payment:maestro': 'yes', 'ref:HU:company': '01-09-699184', 'payment:visa': 'yes', 'payment:mastercard_electronic': 'yes', 'contact:facebook': 'https://www.facebook.com/OILHungary/', 'amenity': 'fuel', 'payment:mastercard_contactless': 'yes', 'brand:wikidata': 'Q2007561', 'fuel:diesel': 'yes', 'operator:addr': '1016 Budapest, Mészáros utca 58/B', 'ref:vatin': 'HU12700226', 'ref:vatin:hu': '12700226-2-44', 'name': 'OIL!', 'payment:mastercard': 'yes'}",https://www.oil-benzinkutak.hu,huoilfu,(oil|oil!|oil benzinkutak|oil-benzinkutak),,False,False,2000.0,450.0,60.0,435762215,OSM_object_type.way,1,0,2016-08-05 07:09:17.000000,"{'url': 'http://turistautak.hu/poi.php?id=470', 'amenity': 'fuel', 'source:date': '2013-09-08', 'name': 'OIL! benzinkút', 'building': 'yes'}","[4336587713, 4336587719, 4336587714, 4336587715, 4336587716, 4336587713]",1.36243721,
6059,1060,32,Eger,1245,3300,Eger,Sas utca,94,,POINT (47.88749 20.39443),Sas utca 94.,http://www.oil-benzinkutak.hu/kuthalozat/oil-eger/,,,,,True,,True,,,,,,,,880,,,,,,,,,,,,,,,,,,,,,,,,,,,,,,,,,,,,,,,,,,,,,,,,,,,,,2022-03-07 10:14:45.309866+00:00,,,47.88723205,20.394512656059113,32,OIL!,fuel,"{'operator': 'Mabanaft Hungary Kft.', 'payment:visa_electron': 'yes', 'brand': 'OIL!', 'payment:cash': 'yes', 'fuel:octane_95': 'yes', 'brand:wikipedia': 'OIL! Tankstellen', 'payment:contactless': 'yes', 'payment:maestro': 'yes', 'ref:HU:company': '01-09-699184', 'payment:visa': 'yes', 'payment:mastercard_electronic': 'yes', 'contact:facebook': 'https://www.facebook.com/OILHungary/', 'amenity': 'fuel', 'payment:mastercard_contactless': 'yes', 'brand:wikidata': 'Q2007561', 'fuel:diesel': 'yes', 'operator:addr': '1016 Budapest, Mészáros utca 58/B', 'ref:vatin': 'HU12700226', 'ref:vatin:hu': '12700226-2-44', 'name': 'OIL!', 'payment:mastercard': 'yes'}",https://www.oil-benzinkutak.hu,huoilfu,(oil|oil!|oil benzinkutak|oil-benzinkutak),,False,False,2000.0,450.0,60.0,221625653,OSM_object_type.way,2,0,2020-07-19 09:48:02.000000,"{'brand:wikidata': 'Q2007561', 'amenity': 'fuel', 'brand': 'OIL!', 'brand:wikipedia': 'de:OIL! Tankstellen', 'name': 'OIL!', 'building': 'yes'}","[2306582085, 2306582087, 2306582089, 2306582091, 2306582093, 2306582095, 2306582097, 2306582099, 2306582085]",21.46370666,
6060,1100,32,Füzesabony,1304,4071,Füzesabony,33. sz. főút,,0197/6,POINT (47.58814 21.02447),33. sz. Főút 0197/6 Hrsz,http://www.oil-benzinkutak.hu/kuthalozat/oil-fuzesabony/,,,,,True,,True,,,,,,,,886,+36 36 341 024,,,,,,,,,,,,,,,,,,,,,,,,,,,,,,,,,,,,,,,,,,,,,,,,,,,,2022-03-07 10:14:45.309866+00:00,,,47.58814,21.02447,32,OIL!,fuel,"{'operator': 'Mabanaft Hungary Kft.', 'payment:visa_electron': 'yes', 'brand': 'OIL!', 'payment:cash': 'yes', 'fuel:octane_95': 'yes', 'brand:wikipedia': 'OIL! Tankstellen', 'payment:contactless': 'yes', 'payment:maestro': 'yes', 'ref:HU:company': '01-09-699184', 'payment:visa': 'yes', 'payment:mastercard_electronic': 'yes', 'contact:facebook': 'https://www.facebook.com/OILHungary/', 'amenity': 'fuel', 'payment:mastercard_contactless': 'yes', 'brand:wikidata': 'Q2007561', 'fuel:diesel': 'yes', 'operator:addr': '1016 Budapest, Mészáros utca 58/B', 'ref:vatin': 'HU12700226', 'ref:vatin:hu': '12700226-2-44', 'name': 'OIL!', 'payment:mastercard': 'yes'}",https://www.oil-benzinkutak.hu,huoilfu,(oil|oil!|oil benzinkutak|oil-benzinkutak),,False,False,2000.0,450.0,60.0,,,,,2022-03-07 11:06:58.941541,,,,True
6061,1044,32,Halmaj,1604,3396,Halmaj,3. számú főközlekedési út,,,POINT (47.79401 20.32682),3-as főút,http://www.oil-benzinkutak.hu/kuthalozat/oil-halmaj/,,,,,True,,True,,,,,,,,894,+36 20 997 6722,,,,,,,,,,,,,,,,,,,,,,,,,,,,,,,,,,,,,,,,,,,,,,,,,,,,2022-03-07 10:14:45.309866+00:00,,,47.79401,20.32682,32,OIL!,fuel,"{'operator': 'Mabanaft Hungary Kft.', 'payment:visa_electron': 'yes', 'brand': 'OIL!', 'payment:cash': 'yes', 'fuel:octane_95': 'yes', 'brand:wikipedia': 'OIL! Tankstellen', 'payment:contactless': 'yes', 'payment:maestro': 'yes', 'ref:HU:company': '01-09-699184', 'payment:visa': 'yes', 'payment:mastercard_electronic': 'yes', 'contact:facebook': 'https://www.facebook.com/OILHungary/', 'amenity': 'fuel', 'payment:mastercard_contactless': 'yes', 'brand:wikidata': 'Q2007561', 'fuel:diesel': 'yes', 'operator:addr': '1016 Budapest, Mészáros utca 58/B', 'ref:vatin': 'HU12700226', 'ref:vatin:hu': '12700226-2-44', 'name': 'OIL!', 'payment:mastercard': 'yes'}",https://www.oil-benzinkutak.hu,huoilfu,(oil|oil!|oil benzinkutak|oil-benzinkutak),,False,False,2000.0,450.0,60.0,,,,,2022-03-07 11:06:58.941541,,,,True
6062,1123,32,Halmaj,1604,3841,Halmaj,3. számú főközlekedési út,,022/5,POINT (48.25165 20.97886),3-as főút hrsz. 022/5,https://www.oil-benzinkutak.hu,,,,,True,,True,,,,,,,,6139,,,,,,,,,,,,,,,,,,,,,,,,,,,,,,,,,,,,,,,,,,,,,,,,,,,,,2022-03-07 10:14:45.309866+00:00,,,48.25165,20.97886,32,OIL!,fuel,"{'operator': 'Mabanaft Hungary Kft.', 'payment:visa_electron': 'yes', 'brand': 'OIL!', 'payment:cash': 'yes', 'fuel:octane_95': 'yes', 'brand:wikipedia': 'OIL! Tankstellen', 'payment:contactless': 'yes', 'payment:maestro': 'yes', 'ref:HU:company': '01-09-699184', 'payment:visa': 'yes', 'payment:mastercard_electronic': 'yes', 'contact:facebook': 'https://www.facebook.com/OILHungary/', 'amenity': 'fuel', 'payment:mastercard_contactless': 'yes', 'brand:wikidata': 'Q2007561', 'fuel:diesel': 'yes', 'operator:addr': '1016 Budapest, Mészáros utca 58/B', 'ref:vatin': 'HU12700226', 'ref:vatin:hu': '12700226-2-44', 'name': 'OIL!', 'payment:mastercard': 'yes'}",https://www.oil-benzinkutak.hu,huoilfu,(oil|oil!|oil benzinkutak|oil-benzinkutak),,False,False,2000.0,450.0,60.0,,,,,2022-03-07 11:06:58.941541,,,,True
6063,1113,32,Gyula,2326,5700,Gyula,Csabai út,1,,POINT (46.64169 21.26069),Csabai út 3.,http://www.oil-benzinkutak.hu/kuthalozat/oil-gyula/,,,,,True,,True,,,,,,,,892,+36 30 626 1012,,,,,,,,,,,,,,,,,,,,,,,,,,,,,,,,,,,,,,,,,,,,,,,,,,,,2022-03-07 10:14:45.309866+00:00,,,46.640883,21.263167,32,OIL!,fuel,"{'operator': 'Mabanaft Hungary Kft.', 'payment:visa_electron': 'yes', 'brand': 'OIL!', 'payment:cash': 'yes', 'fuel:octane_95': 'yes', 'brand:wikipedia': 'OIL! Tankstellen', 'payment:contactless': 'yes', 'payment:maestro': 'yes', 'ref:HU:company': '01-09-699184', 'payment:visa': 'yes', 'payment:mastercard_electronic': 'yes', 'contact:facebook': 'https://www.facebook.com/OILHungary/', 'amenity': 'fuel', 'payment:mastercard_contactless': 'yes', 'brand:wikidata': 'Q2007561', 'fuel:diesel': 'yes', 'operator:addr': '1016 Budapest, Mészáros utca 58/B', 'ref:vatin': 'HU12700226', 'ref:vatin:hu': '12700226-2-44', 'name': 'OIL!', 'payment:mastercard': 'yes'}",https://www.oil-benzinkutak.hu,huoilfu,(oil|oil!|oil benzinkutak|oil-benzinkutak),,False,False,2000.0,450.0,60.0,3485100710,OSM_object_type.node,3,0,2019-07-05 11:50:15.000000,"{'brand:wikidata': 'Q2007561', 'addr:street': 'Csabai út', 'brand': 'OIL!', 'addr:postcode': '5700', 'addr:housenumber': '1', 'brand:wikipedia': 'de:OIL! Tankstellen', 'source': 'turistautak.hu', 'url': 'http://turistautak.hu/poi.php?id=60822', 'amenity': 'fuel', 'source:date': '2016-06-04', 'addr:city': 'Gyula', 'name': 'OIL!'}",,209.31132639,
6064,1108,32,Tótkómlós,2367,5940,Tótkomlós,Széchenyi út,,1053/3,POINT (46.4164 20.7459),Széchenyi út hrsz. 1053/3,https://www.oil-benzinkutak.hu,,,,,True,,True,,,,,,,,6141,,,,,,,,,,,,,,,,,,,,,,,,,,,,,,,,,,,,,,,,,,,,,,,,,,,,,2022-03-07 10:14:45.309866+00:00,,,46.4165766,20.7459258,32,OIL!,fuel,"{'operator': 'Mabanaft Hungary Kft.', 'payment:visa_electron': 'yes', 'brand': 'OIL!', 'payment:cash': 'yes', 'fuel:octane_95': 'yes', 'brand:wikipedia': 'OIL! Tankstellen', 'payment:contactless': 'yes', 'payment:maestro': 'yes', 'ref:HU:company': '01-09-699184', 'payment:visa': 'yes', 'payment:mastercard_electronic': 'yes', 'contact:facebook': 'https://www.facebook.com/OILHungary/', 'amenity': 'fuel', 'payment:mastercard_contactless': 'yes', 'brand:wikidata': 'Q2007561', 'fuel:diesel': 'yes', 'operator:addr': '1016 Budapest, Mészáros utca 58/B', 'ref:vatin': 'HU12700226', 'ref:vatin:hu': '12700226-2-44', 'name': 'OIL!', 'payment:mastercard': 'yes'}",https://www.oil-benzinkutak.hu,huoilfu,(oil|oil!|oil benzinkutak|oil-benzinkutak),,False,False,2000.0,450.0,60.0,8261382142,OSM_object_type.node,1,0,2020-12-26 11:09:39.000000,"{'amenity': 'fuel', 'brand': 'OIL!', 'name': 'OIL! Tótkoms'}",,19.73640011,
6065,978,32,Szalkszentmárton,2410,6086,Szalkszentmárton,,,06/8,POINT (46.98588 19.00808),Külterület 06/8. hrsz,https://www.oil-benzinkutak.hu,,,,,True,,True,,,,,,,,4553,,,,,,,,,,,,,,,,,,,,,,,,,,,,,,,,,,,,,,,,,,,,,,,,,,,,,2022-03-07 10:14:45.309866+00:00,,,46.98599865,19.008301013576784,32,OIL!,fuel,"{'operator': 'Mabanaft Hungary Kft.', 'payment:visa_electron': 'yes', 'brand': 'OIL!', 'payment:cash': 'yes', 'fuel:octane_95': 'yes', 'brand:wikipedia': 'OIL! Tankstellen', 'payment:contactless': 'yes', 'payment:maestro': 'yes', 'ref:HU:company': '01-09-699184', 'payment:visa': 'yes', 'payment:mastercard_electronic': 'yes', 'contact:facebook': 'https://www.facebook.com/OILHungary/', 'amenity': 'fuel', 'payment:mastercard_contactless': 'yes', 'brand:wikidata': 'Q2007561', 'fuel:diesel': 'yes', 'operator:addr': '1016 Budapest, Mészáros utca 58/B', 'ref:vatin': 'HU12700226', 'ref:vatin:hu': '12700226-2-44', 'name': 'OIL!', 'payment:mastercard': 'yes'}",https://www.oil-benzinkutak.hu,huoilfu,(oil|oil!|oil benzinkutak|oil-benzinkutak),,False,False,2000.0,450.0,60.0,567601781,OSM_object_type.way,1,0,2018-03-07 23:54:18.000000,"{'fuel:octane_95': 'yes', 'opening_hours': 'Mo-Su 06:00-20:00', 'amenity': 'fuel', 'fuel:diesel': 'yes', 'addr:city': 'Szalkszentmárton', 'building': 'retail'}","[5463224063, 5463224064, 5463224065, 5463224069, 5463224066, 5463224063]",17.21352623,
6066,996,32,Kiskunfélegyháza,2418,6100,Kiskunfélegyháza,,,034483,POINT (46.71083 19.85297),Hrsz. 0344833.,http://www.oil-benzinkutak.hu/kuthalozat/oil-kiskunfelegyhaza/,,,,,True,,True,,,,,,,,898,+36 76 463 299,,,,,,,,,,,,,,,,,,,,,,,,,,,,,,,,,,,,,,,,,,,,,,,,,,,,2022-03-07 10:14:45.309866+00:00,,,46.71083,19.85297,32,OIL!,fuel,"{'operator': 'Mabanaft Hungary Kft.', 'payment:visa_electron': 'yes', 'brand': 'OIL!', 'payment:cash': 'yes', 'fuel:octane_95': 'yes', 'brand:wikipedia': 'OIL! Tankstellen', 'payment:contactless': 'yes', 'payment:maestro': 'yes', 'ref:HU:company': '01-09-699184', 'payment:visa': 'yes', 'payment:mastercard_electronic': 'yes', 'contact:facebook': 'https://www.facebook.com/OILHungary/', 'amenity': 'fuel', 'payment:mastercard_contactless': 'yes', 'brand:wikidata': 'Q2007561', 'fuel:diesel': 'yes', 'operator:addr': '1016 Budapest, Mészáros utca 58/B', 'ref:vatin': 'HU12700226', 'ref:vatin:hu': '12700226-2-44', 'name': 'OIL!', 'payment:mastercard': 'yes'}",https://www.oil-benzinkutak.hu,huoilfu,(oil|oil!|oil benzinkutak|oil-benzinkutak),,False,False,2000.0,450.0,60.0,,,,,2022-03-07 11:06:58.941541,,,,True
6067,1049,32,Kisszállás,2485,6421,Kisszállás,,,0403/28,POINT (46.27532 19.53129),Külterület hrsz.: 0403/28,https://www.oil-benzinkutak.hu,,,,,True,,True,,,,,,,,6319,,,,,,,,,,,,,,,,,,,,,,,,,,,,,,,,,,,,,,,,,,,,,,,,,,,,,2022-03-07 10:14:45.309866+00:00,,,46.27532,19.53129,32,OIL!,fuel,"{'operator': 'Mabanaft Hungary Kft.', 'payment:visa_electron': 'yes', 'brand': 'OIL!', 'payment:cash': 'yes', 'fuel:octane_95': 'yes', 'brand:wikipedia': 'OIL! Tankstellen', 'payment:contactless': 'yes', 'payment:maestro': 'yes', 'ref:HU:company': '01-09-699184', 'payment:visa': 'yes', 'payment:mastercard_electronic': 'yes', 'contact:facebook': 'https://www.facebook.com/OILHungary/', 'amenity': 'fuel', 'payment:mastercard_contactless': 'yes', 'brand:wikidata': 'Q2007561', 'fuel:diesel': 'yes', 'operator:addr': '1016 Budapest, Mészáros utca 58/B', 'ref:vatin': 'HU12700226', 'ref:vatin:hu': '12700226-2-44', 'name': 'OIL!', 'payment:mastercard': 'yes'}",https://www.oil-benzinkutak.hu,huoilfu,(oil|oil!|oil benzinkutak|oil-benzinkutak),,False,False,2000.0,450.0,60.0,,,,,2022-03-07 11:06:58.941541,,,,True
6068,1083,32,Baja,2505,6500,Baja,Szegedi út,121,,POINT (46.18397 18.98441),Szegedi út 121.,http://www.oil-benzinkutak.hu/kuthalozat/oil-baja/,,,,,True,,True,,,,,,,,1243,,,,,,,,,,,,,,,,,,,,,,,,,,,,,,,,,,,,,,,,,,,,,,,,,,,,,2022-03-07 10:14:45.309866+00:00,,,46.1839826,18.9844192,32,OIL!,fuel,"{'operator': 'Mabanaft Hungary Kft.', 'payment:visa_electron': 'yes', 'brand': 'OIL!', 'payment:cash': 'yes', 'fuel:octane_95': 'yes', 'brand:wikipedia': 'OIL! Tankstellen', 'payment:contactless': 'yes', 'payment:maestro': 'yes', 'ref:HU:company': '01-09-699184', 'payment:visa': 'yes', 'payment:mastercard_electronic': 'yes', 'contact:facebook': 'https://www.facebook.com/OILHungary/', 'amenity': 'fuel', 'payment:mastercard_contactless': 'yes', 'brand:wikidata': 'Q2007561', 'fuel:diesel': 'yes', 'operator:addr': '1016 Budapest, Mészáros utca 58/B', 'ref:vatin': 'HU12700226', 'ref:vatin:hu': '12700226-2-44', 'name': 'OIL!', 'payment:mastercard': 'yes'}",https://www.oil-benzinkutak.hu,huoilfu,(oil|oil!|oil benzinkutak|oil-benzinkutak),,False,False,2000.0,450.0,60.0,8259006311,OSM_object_type.node,2,0,2021-01-12 12:16:56.000000,"{'addr:street': 'Szegedi út', 'amenity': 'fuel', 'brand': 'OIL!', 'addr:postcode': '6500', 'addr:housenumber': '121', 'addr:city': 'Baja', 'name': 'OIL Baja'}",,0,
6069,1030,32,Szentes,2519,6600,Szentes,Alsórét,258,,POINT (46.66546 20.23493),Alsórét 258.,http://www.oil-benzinkutak.hu/kuthalozat/oil-szentes/,,,,,True,,True,,,,,,,,928,+36 30 913 1692,,,,,,,,,,,,,,,,,,,,,,,,,,,,,,,,,,,,,,,,,,,,,,,,,,,,2022-03-07 10:14:45.309866+00:00,,,46.6658499,20.23625485,32,OIL!,fuel,"{'operator': 'Mabanaft Hungary Kft.', 'payment:visa_electron': 'yes', 'brand': 'OIL!', 'payment:cash': 'yes', 'fuel:octane_95': 'yes', 'brand:wikipedia': 'OIL! Tankstellen', 'payment:contactless': 'yes', 'payment:maestro': 'yes', 'ref:HU:company': '01-09-699184', 'payment:visa': 'yes', 'payment:mastercard_electronic': 'yes', 'contact:facebook': 'https://www.facebook.com/OILHungary/', 'amenity': 'fuel', 'payment:mastercard_contactless': 'yes', 'brand:wikidata': 'Q2007561', 'fuel:diesel': 'yes', 'operator:addr': '1016 Budapest, Mészáros utca 58/B', 'ref:vatin': 'HU12700226', 'ref:vatin:hu': '12700226-2-44', 'name': 'OIL!', 'payment:mastercard': 'yes'}",https://www.oil-benzinkutak.hu,huoilfu,(oil|oil!|oil benzinkutak|oil-benzinkutak),,False,False,2000.0,450.0,60.0,402324643,OSM_object_type.way,3,0,2020-03-01 12:33:51.000000,"{'brand:wikidata': 'Q2007561', 'fuel:octane_95': 'yes', 'addr:street': 'Alsórét', 'brand': 'OIL!', 'addr:postcode': '6600', 'addr:housenumber': '258', 'brand:wikipedia': 'de:OIL! Tankstellen', 'contact:website': 'http://www.oil-benzinkutak.hu/kuthalozat/oil-szentes/', 'contact:phone': '+36 30 913 1692', 'building': 'roof', 'layer': '1', 'opening_hours': '24/7', 'website': 'http://www.oil-benzinkutak.hu', 'fuel:diesel': 'yes', 'addr:city': 'Szentes', 'name': 'OIL!', 'amenity': 'fuel'}","[4047388365, 4047388366, 4047388367, 7255194394, 7255194395, 4047388368, 4047388365]",99.67748455,
6070,1070,32,"Szeged, back bernát utca",2564,6728,Szeged,Back Bernát utca,6,,POINT (46.28462 20.08707),Back Bernát utca 6.,http://www.oil-benzinkutak.hu/kuthalozat/oil-szeged-back-bernat-utca/,,,,,True,,True,,,,,,,,1369,,,,,,,,,,,,,,,,,,,,,,,,,,,,,,,,,,,,,,,,,,,,,,,,,,,,,2022-03-07 10:14:45.309866+00:00,,,46.287330100000005,20.084872959791888,32,OIL!,fuel,"{'operator': 'Mabanaft Hungary Kft.', 'payment:visa_electron': 'yes', 'brand': 'OIL!', 'payment:cash': 'yes', 'fuel:octane_95': 'yes', 'brand:wikipedia': 'OIL! Tankstellen', 'payment:contactless': 'yes', 'payment:maestro': 'yes', 'ref:HU:company': '01-09-699184', 'payment:visa': 'yes', 'payment:mastercard_electronic': 'yes', 'contact:facebook': 'https://www.facebook.com/OILHungary/', 'amenity': 'fuel', 'payment:mastercard_contactless': 'yes', 'brand:wikidata': 'Q2007561', 'fuel:diesel': 'yes', 'operator:addr': '1016 Budapest, Mészáros utca 58/B', 'ref:vatin': 'HU12700226', 'ref:vatin:hu': '12700226-2-44', 'name': 'OIL!', 'payment:mastercard': 'yes'}",https://www.oil-benzinkutak.hu,huoilfu,(oil|oil!|oil benzinkutak|oil-benzinkutak),,False,False,2000.0,450.0,60.0,605908455,OSM_object_type.way,5,0,2020-05-16 22:12:35.000000,"{'brand:wikidata': 'Q2007561', 'fuel:octane_95': 'yes', 'addr:street': 'Back Bernát utca', 'brand': 'OIL!', 'addr:postcode': '6728', 'addr:housenumber': '6', 'amenity': 'fuel', 'brand:wikipedia': 'de:OIL! Tankstellen', 'contact:website': 'http://www.oil-benzinkutak.hu/kuthalozat/oil-szeged-back-bernat-utca/', 'contact:phone': '+36 30 171 2571', 'building': 'roof', 'opening_hours': 'Mo-Su 05:00-21:00', 'fuel:adblue': 'yes', 'fuel:diesel': 'yes', 'addr:city': 'Szeged', 'name': 'OIL!', 'shop': 'yes'}","[5745681279, 5745680594, 5745680596, 5745681278, 4349761573, 5745680595, 5745680593, 5745681277, 5745681279]",0,
6071,1078,32,"Szeged, fonógyári út",2564,6728,Szeged,Fonógyári út,18,,POINT (46.26004 20.10776),Fonógyári út 18.,http://www.oil-benzinkutak.hu/kuthalozat/oil-szeged/,,,,,True,,True,,,,,,,,924,+36 62 555 353,,,,,,,,,,,,,,,,,,,,,,,,,,,,,,,,,,,,,,,,,,,,,,,,,,,,2022-03-07 10:14:45.309866+00:00,,,46.260193150000006,20.10784115,32,OIL!,fuel,"{'operator': 'Mabanaft Hungary Kft.', 'payment:visa_electron': 'yes', 'brand': 'OIL!', 'payment:cash': 'yes', 'fuel:octane_95': 'yes', 'brand:wikipedia': 'OIL! Tankstellen', 'payment:contactless': 'yes', 'payment:maestro': 'yes', 'ref:HU:company': '01-09-699184', 'payment:visa': 'yes', 'payment:mastercard_electronic': 'yes', 'contact:facebook': 'https://www.facebook.com/OILHungary/', 'amenity': 'fuel', 'payment:mastercard_contactless': 'yes', 'brand:wikidata': 'Q2007561', 'fuel:diesel': 'yes', 'operator:addr': '1016 Budapest, Mészáros utca 58/B', 'ref:vatin': 'HU12700226', 'ref:vatin:hu': '12700226-2-44', 'name': 'OIL!', 'payment:mastercard': 'yes'}",https://www.oil-benzinkutak.hu,huoilfu,(oil|oil!|oil benzinkutak|oil-benzinkutak),,False,False,2000.0,450.0,60.0,700485349,OSM_object_type.way,3,0,2020-09-11 11:01:12.000000,"{'brand:wikidata': 'Q2007561', 'fuel:octane_95': 'yes', 'addr:street': 'Fonógyári út', 'brand': 'OIL!', 'addr:postcode': '6728', 'addr:housenumber': '18', 'brand:wikipedia': 'de:OIL! Tankstellen', 'building': 'roof', 'opening_hours': '24/7', 'phone': '+36 30 477 0921', 'fuel:adblue': 'yes', 'fuel:lpg': 'yes', 'fuel:diesel': 'yes', 'addr:city': 'Szeged', 'name': 'OIL!', 'amenity': 'fuel'}","[6578222511, 6578222510, 6578222515, 6578222512, 6578222509, 6578222508, 6578222511]",0,
6072,1074,32,Mórahalom,2595,6782,Mórahalom,Röszkei út,40,,POINT (46.21045 19.89226),Röszkei út 40.,http://www.oil-benzinkutak.hu/kuthalozat/oil-morahalom/,,,,,True,,True,,,,,,,,910,+36 30 452 8124,,,,,,,,,,,,,,,,,,,,,,,,,,,,,,,,,,,,,,,,,,,,,,,,,,,,2022-03-07 10:14:45.309866+00:00,,,46.21045,19.89226,32,OIL!,fuel,"{'operator': 'Mabanaft Hungary Kft.', 'payment:visa_electron': 'yes', 'brand': 'OIL!', 'payment:cash': 'yes', 'fuel:octane_95': 'yes', 'brand:wikipedia': 'OIL! Tankstellen', 'payment:contactless': 'yes', 'payment:maestro': 'yes', 'ref:HU:company': '01-09-699184', 'payment:visa': 'yes', 'payment:mastercard_electronic': 'yes', 'contact:facebook': 'https://www.facebook.com/OILHungary/', 'amenity': 'fuel', 'payment:mastercard_contactless': 'yes', 'brand:wikidata': 'Q2007561', 'fuel:diesel': 'yes', 'operator:addr': '1016 Budapest, Mészáros utca 58/B', 'ref:vatin': 'HU12700226', 'ref:vatin:hu': '12700226-2-44', 'name': 'OIL!', 'payment:mastercard': 'yes'}",https://www.oil-benzinkutak.hu,huoilfu,(oil|oil!|oil benzinkutak|oil-benzinkutak),,False,False,2000.0,450.0,60.0,,,,,2022-03-07 11:06:58.941541,,,,True
6073,1095,32,Bonyhád,2715,7150,Bonyhád,,,067/33,POINT (46.33158 18.53122),"külterület, Hrsz. 067/33",http://www.oil-benzinkutak.hu/kuthalozat/oil-bonyhad/,,,,,True,,True,,,,,,,,872,+36 74 550 017,,,,,,,,,,,,,,,,,,,,,,,,,,,,,,,,,,,,,,,,,,,,,,,,,,,,2022-03-07 10:14:45.309866+00:00,,,46.33158,18.53122,32,OIL!,fuel,"{'operator': 'Mabanaft Hungary Kft.', 'payment:visa_electron': 'yes', 'brand': 'OIL!', 'payment:cash': 'yes', 'fuel:octane_95': 'yes', 'brand:wikipedia': 'OIL! Tankstellen', 'payment:contactless': 'yes', 'payment:maestro': 'yes', 'ref:HU:company': '01-09-699184', 'payment:visa': 'yes', 'payment:mastercard_electronic': 'yes', 'contact:facebook': 'https://www.facebook.com/OILHungary/', 'amenity': 'fuel', 'payment:mastercard_contactless': 'yes', 'brand:wikidata': 'Q2007561', 'fuel:diesel': 'yes', 'operator:addr': '1016 Budapest, Mészáros utca 58/B', 'ref:vatin': 'HU12700226', 'ref:vatin:hu': '12700226-2-44', 'name': 'OIL!', 'payment:mastercard': 'yes'}",https://www.oil-benzinkutak.hu,huoilfu,(oil|oil!|oil benzinkutak|oil-benzinkutak),,False,False,2000.0,450.0,60.0,,,,,2022-03-07 11:06:58.941541,,,,True
6074,1065,32,Berhida,3365,8182,Berhida,,,1784,POINT (47.11903 18.1039),Hrsz. 1784,http://www.oil-benzinkutak.hu/kuthalozat/oil-berhida/,,,,,True,,True,,,,,,,,870,+36 88 585 640,,,,,,,,,,,,,,,,,,,,,,,,,,,,,,,,,,,,,,,,,,,,,,,,,,,,2022-03-07 10:14:45.309866+00:00,,,47.11903,18.1039,32,OIL!,fuel,"{'operator': 'Mabanaft Hungary Kft.', 'payment:visa_electron': 'yes', 'brand': 'OIL!', 'payment:cash': 'yes', 'fuel:octane_95': 'yes', 'brand:wikipedia': 'OIL! Tankstellen', 'payment:contactless': 'yes', 'payment:maestro': 'yes', 'ref:HU:company': '01-09-699184', 'payment:visa': 'yes', 'payment:mastercard_electronic': 'yes', 'contact:facebook': 'https://www.facebook.com/OILHungary/', 'amenity': 'fuel', 'payment:mastercard_contactless': 'yes', 'brand:wikidata': 'Q2007561', 'fuel:diesel': 'yes', 'operator:addr': '1016 Budapest, Mészáros utca 58/B', 'ref:vatin': 'HU12700226', 'ref:vatin:hu': '12700226-2-44', 'name': 'OIL!', 'payment:mastercard': 'yes'}",https://www.oil-benzinkutak.hu,huoilfu,(oil|oil!|oil benzinkutak|oil-benzinkutak),,False,False,2000.0,450.0,60.0,,,,,2022-03-07 11:06:58.941541,,,,True
6075,1097,32,Zirc,3529,8420,Zirc,Állomás utca,5,,POINT (47.26544 17.87477),Állomás utca 5.,https://www.oil-benzinkutak.hu,,,,,True,,True,,,,,,,,4324,,,,,,,,,,,,,,,,,,,,,,,,,,,,,,,,,,,,,,,,,,,,,,,,,,,,,2022-03-07 10:14:45.309866+00:00,,,47.26493985,17.87764795,32,OIL!,fuel,"{'operator': 'Mabanaft Hungary Kft.', 'payment:visa_electron': 'yes', 'brand': 'OIL!', 'payment:cash': 'yes', 'fuel:octane_95': 'yes', 'brand:wikipedia': 'OIL! Tankstellen', 'payment:contactless': 'yes', 'payment:maestro': 'yes', 'ref:HU:company': '01-09-699184', 'payment:visa': 'yes', 'payment:mastercard_electronic': 'yes', 'contact:facebook': 'https://www.facebook.com/OILHungary/', 'amenity': 'fuel', 'payment:mastercard_contactless': 'yes', 'brand:wikidata': 'Q2007561', 'fuel:diesel': 'yes', 'operator:addr': '1016 Budapest, Mészáros utca 58/B', 'ref:vatin': 'HU12700226', 'ref:vatin:hu': '12700226-2-44', 'name': 'OIL!', 'payment:mastercard': 'yes'}",https://www.oil-benzinkutak.hu,huoilfu,(oil|oil!|oil benzinkutak|oil-benzinkutak),,False,False,2000.0,450.0,60.0,876633494,OSM_object_type.way,1,0,2020-11-24 17:06:41.000000,"{'amenity': 'fuel', 'name': 'OIL!', 'building': 'yes'}","[8158741161, 8158741160, 8158741159, 8158741158, 8158741161]",221.49877849,
6076,1120,32,Pápa,3605,8500,Pápa,Külső Veszprémi út,75,,POINT (47.30922 17.49042),Külső Veszprémi út 75.,http://www.oil-benzinkutak.hu/kuthalozat/oil-papa/,,,,,True,,True,,,,,,,,920,+36 89 511 018,,,,,,,,,,,,,,,,,,,,,,,,,,,,,,,,,,,,,,,,,,,,,,,,,,,,2022-03-07 10:14:45.309866+00:00,,,47.30258325,17.496422017026994,32,OIL!,fuel,"{'operator': 'Mabanaft Hungary Kft.', 'payment:visa_electron': 'yes', 'brand': 'OIL!', 'payment:cash': 'yes', 'fuel:octane_95': 'yes', 'brand:wikipedia': 'OIL! Tankstellen', 'payment:contactless': 'yes', 'payment:maestro': 'yes', 'ref:HU:company': '01-09-699184', 'payment:visa': 'yes', 'payment:mastercard_electronic': 'yes', 'contact:facebook': 'https://www.facebook.com/OILHungary/', 'amenity': 'fuel', 'payment:mastercard_contactless': 'yes', 'brand:wikidata': 'Q2007561', 'fuel:diesel': 'yes', 'operator:addr': '1016 Budapest, Mészáros utca 58/B', 'ref:vatin': 'HU12700226', 'ref:vatin:hu': '12700226-2-44', 'name': 'OIL!', 'payment:mastercard': 'yes'}",https://www.oil-benzinkutak.hu,huoilfu,(oil|oil!|oil benzinkutak|oil-benzinkutak),,False,False,2000.0,450.0,60.0,973076298,OSM_object_type.way,1,0,2021-08-14 11:42:57.000000,"{'brand:wikidata': 'Q2007561', 'addr:street': 'Külső Veszprémi út', 'brand': 'OIL!', 'addr:postcode': '8500', 'addr:housenumber': '75', 'amenity': 'fuel', 'brand:wikipedia': 'de:OIL! Tankstellen', 'toilets:wheelchair': 'no', 'wheelchair': 'limited', 'opening_hours': 'Mo-Su 06:00-22:00', 'phone': '+36 89 511 018', 'addr:city': 'Pápa', 'name': 'Oil!', 'building': 'retail'}","[9006495770, 9006495771, 9006495772, 9006495773, 9006495770]",0,
6077,1118,32,Győr &#8211; vas gereben,4058,9022,Győr,Vas Gereben utca,6,,POINT (47.69223 17.64221),Vas Gereben utca 6.,https://www.oil-benzinkutak.hu,,,,,True,,True,,,,,,,,5551,,,,,,,,,,,,,,,,,,,,,,,,,,,,,,,,,,,,,,,,,,,,,,,,,,,,,2022-03-07 10:14:45.309866+00:00,,,47.691818,17.64226682399233,32,OIL!,fuel,"{'operator': 'Mabanaft Hungary Kft.', 'payment:visa_electron': 'yes', 'brand': 'OIL!', 'payment:cash': 'yes', 'fuel:octane_95': 'yes', 'brand:wikipedia': 'OIL! Tankstellen', 'payment:contactless': 'yes', 'payment:maestro': 'yes', 'ref:HU:company': '01-09-699184', 'payment:visa': 'yes', 'payment:mastercard_electronic': 'yes', 'contact:facebook': 'https://www.facebook.com/OILHungary/', 'amenity': 'fuel', 'payment:mastercard_contactless': 'yes', 'brand:wikidata': 'Q2007561', 'fuel:diesel': 'yes', 'operator:addr': '1016 Budapest, Mészáros utca 58/B', 'ref:vatin': 'HU12700226', 'ref:vatin:hu': '12700226-2-44', 'name': 'OIL!', 'payment:mastercard': 'yes'}",https://www.oil-benzinkutak.hu,huoilfu,(oil|oil!|oil benzinkutak|oil-benzinkutak),,False,False,2000.0,450.0,60.0,782686207,OSM_object_type.way,1,0,2020-03-19 13:49:46.000000,"{'amenity': 'fuel', 'building': 'yes'}","[7309160411, 7309160410, 7309160413, 7309160414, 7309160415, 7309160431, 7309160412, 7309160411]",23.5311219,
6078,1116,32,Győr-adyváros,4059,9023,Győr,Ifjúság körút,1,,POINT (47.67713 17.65884),Bán Aladár utca 3.,http://www.oil-benzinkutak.hu/kuthalozat/oil-gyor-adyvaros/,,,,,True,,True,,,,,,,,890,+36 20 779 8969,,,,,,,,,,,,,,,,,,,,,,,,,,,,,,,,,,,,,,,,,,,,,,,,,,,,2022-03-07 10:14:45.309866+00:00,,,47.6770738,17.6589759,32,OIL!,fuel,"{'operator': 'Mabanaft Hungary Kft.', 'payment:visa_electron': 'yes', 'brand': 'OIL!', 'payment:cash': 'yes', 'fuel:octane_95': 'yes', 'brand:wikipedia': 'OIL! Tankstellen', 'payment:contactless': 'yes', 'payment:maestro': 'yes', 'ref:HU:company': '01-09-699184', 'payment:visa': 'yes', 'payment:mastercard_electronic': 'yes', 'contact:facebook': 'https://www.facebook.com/OILHungary/', 'amenity': 'fuel', 'payment:mastercard_contactless': 'yes', 'brand:wikidata': 'Q2007561', 'fuel:diesel': 'yes', 'operator:addr': '1016 Budapest, Mészáros utca 58/B', 'ref:vatin': 'HU12700226', 'ref:vatin:hu': '12700226-2-44', 'name': 'OIL!', 'payment:mastercard': 'yes'}",https://www.oil-benzinkutak.hu,huoilfu,(oil|oil!|oil benzinkutak|oil-benzinkutak),,False,False,2000.0,450.0,60.0,1958683596,OSM_object_type.node,6,0,2021-11-05 21:30:07.000000,"{'brand:wikidata': 'Q2007561', 'operator': 'Oil', 'addr:street': 'Ifjúság körút', 'brand': 'OIL!', 'addr:postcode': '9023', 'addr:housenumber': '1', 'brand:wikipedia': 'de:OIL! Tankstellen', 'opening_hours': '24/7', 'name:hu': 'Oil', 'addr:city': 'Győr', 'name': 'Kerol', 'amenity': 'fuel'}",,11.94048742,
6079,1114,32,"Győr, régi veszprémi út",4064,9028,Győr,Régi Veszprémi út,4,,POINT (47.65958 17.65197),Régi Veszprémi út 4.,http://www.oil-benzinkutak.hu/oil-gyor/,,,,,True,,True,,,,,,,,972,+36 96 415 853,,,,,,,,,,,,,,,,,,,,,,,,,,,,,,,,,,,,,,,,,,,,,,,,,,,,2022-03-07 10:14:45.309866+00:00,,,47.659038,17.6531068,32,OIL!,fuel,"{'operator': 'Mabanaft Hungary Kft.', 'payment:visa_electron': 'yes', 'brand': 'OIL!', 'payment:cash': 'yes', 'fuel:octane_95': 'yes', 'brand:wikipedia': 'OIL! Tankstellen', 'payment:contactless': 'yes', 'payment:maestro': 'yes', 'ref:HU:company': '01-09-699184', 'payment:visa': 'yes', 'payment:mastercard_electronic': 'yes', 'contact:facebook': 'https://www.facebook.com/OILHungary/', 'amenity': 'fuel', 'payment:mastercard_contactless': 'yes', 'brand:wikidata': 'Q2007561', 'fuel:diesel': 'yes', 'operator:addr': '1016 Budapest, Mészáros utca 58/B', 'ref:vatin': 'HU12700226', 'ref:vatin:hu': '12700226-2-44', 'name': 'OIL!', 'payment:mastercard': 'yes'}",https://www.oil-benzinkutak.hu,huoilfu,(oil|oil!|oil benzinkutak|oil-benzinkutak),,False,False,2000.0,450.0,60.0,3473677594,OSM_object_type.node,3,0,2020-10-04 20:30:50.000000,"{'brand:wikidata': 'Q2007561', 'source': 'turistautak.hu', 'amenity': 'fuel', 'brand': 'OIL!', 'brand:wikipedia': 'de:OIL! Tankstellen', 'source:date': '2013-08-20', 'url': 'http://turistautak.hu/poi.php?id=158158', 'name': 'OIL!'}",,104.31178025,
6080,1122,32,Tét,4098,9113,Tét,Győri utca,184,,POINT (47.59915 17.53537),Győri utca 184.,http://www.oil-benzinkutak.hu/kuthalozat/oil-tet/,,,,,True,,True,,,,,,,,936,+36 20 548 9122,,,,,,,,,,,,,,,,,,,,,,,,,,,,,,,,,,,,,,,,,,,,,,,,,,,,2022-03-07 10:14:45.309866+00:00,,,47.59915,17.53537,32,OIL!,fuel,"{'operator': 'Mabanaft Hungary Kft.', 'payment:visa_electron': 'yes', 'brand': 'OIL!', 'payment:cash': 'yes', 'fuel:octane_95': 'yes', 'brand:wikipedia': 'OIL! Tankstellen', 'payment:contactless': 'yes', 'payment:maestro': 'yes', 'ref:HU:company': '01-09-699184', 'payment:visa': 'yes', 'payment:mastercard_electronic': 'yes', 'contact:facebook': 'https://www.facebook.com/OILHungary/', 'amenity': 'fuel', 'payment:mastercard_contactless': 'yes', 'brand:wikidata': 'Q2007561', 'fuel:diesel': 'yes', 'operator:addr': '1016 Budapest, Mészáros utca 58/B', 'ref:vatin': 'HU12700226', 'ref:vatin:hu': '12700226-2-44', 'name': 'OIL!', 'payment:mastercard': 'yes'}",https://www.oil-benzinkutak.hu,huoilfu,(oil|oil!|oil benzinkutak|oil-benzinkutak),,False,False,2000.0,450.0,60.0,,,,,2022-03-07 11:06:58.941541,,,,True
6081,1126,32,Mosonmagyaróvár,4154,9200,Mosonmagyaróvár,Királyhidai út,42,,POINT (47.87639 17.25701),Királyhidai út 42.,http://www.oil-benzinkutak.hu/kuthalozat/oil-mosonmagyarovar/,,,,,True,,True,,,,,,,,912,+36 20 779 8972,,,,,,,,,,,,,,,,,,,,,,,,,,,,,,,,,,,,,,,,,,,,,,,,,,,,2022-03-07 10:14:45.309866+00:00,,,47.876686500000005,17.25831815837697,32,OIL!,fuel,"{'operator': 'Mabanaft Hungary Kft.', 'payment:visa_electron': 'yes', 'brand': 'OIL!', 'payment:cash': 'yes', 'fuel:octane_95': 'yes', 'brand:wikipedia': 'OIL! Tankstellen', 'payment:contactless': 'yes', 'payment:maestro': 'yes', 'ref:HU:company': '01-09-699184', 'payment:visa': 'yes', 'payment:mastercard_electronic': 'yes', 'contact:facebook': 'https://www.facebook.com/OILHungary/', 'amenity': 'fuel', 'payment:mastercard_contactless': 'yes', 'brand:wikidata': 'Q2007561', 'fuel:diesel': 'yes', 'operator:addr': '1016 Budapest, Mészáros utca 58/B', 'ref:vatin': 'HU12700226', 'ref:vatin:hu': '12700226-2-44', 'name': 'OIL!', 'payment:mastercard': 'yes'}",https://www.oil-benzinkutak.hu,huoilfu,(oil|oil!|oil benzinkutak|oil-benzinkutak),,False,False,2000.0,450.0,60.0,872329192,OSM_object_type.way,2,0,2021-03-06 18:23:27.000000,"{'brand:wikidata': 'Q2007561', 'amenity': 'fuel', 'brand': 'OIL!', 'brand:wikipedia': 'de:OIL! Tankstellen', 'name': 'OIL!', 'building': 'yes'}","[8124758601, 8124758600, 8124758599, 8124758598, 8124758601]",99.47548062,
6082,1128,32,Levél,4159,9221,Levél,József Attila utca,1,,POINT (47.89382 17.20866),József Attila utca 1.,http://www.oil-benzinkutak.hu/kuthalozat/oil-level/,,,,,True,,True,,,,,,,,902,+36 20 358 8303,,,,,,,,,,,,,,,,,,,,,,,,,,,,,,,,,,,,,,,,,,,,,,,,,,,,2022-03-07 10:14:45.309866+00:00,,,47.89382,17.20866,32,OIL!,fuel,"{'operator': 'Mabanaft Hungary Kft.', 'payment:visa_electron': 'yes', 'brand': 'OIL!', 'payment:cash': 'yes', 'fuel:octane_95': 'yes', 'brand:wikipedia': 'OIL! Tankstellen', 'payment:contactless': 'yes', 'payment:maestro': 'yes', 'ref:HU:company': '01-09-699184', 'payment:visa': 'yes', 'payment:mastercard_electronic': 'yes', 'contact:facebook': 'https://www.facebook.com/OILHungary/', 'amenity': 'fuel', 'payment:mastercard_contactless': 'yes', 'brand:wikidata': 'Q2007561', 'fuel:diesel': 'yes', 'operator:addr': '1016 Budapest, Mészáros utca 58/B', 'ref:vatin': 'HU12700226', 'ref:vatin:hu': '12700226-2-44', 'name': 'OIL!', 'payment:mastercard': 'yes'}",https://www.oil-benzinkutak.hu,huoilfu,(oil|oil!|oil benzinkutak|oil-benzinkutak),,False,False,2000.0,450.0,60.0,,,,,2022-03-07 11:06:58.941541,,,,True
6083,1125,32,Csorna,4179,9300,Csorna,Soproni út,66/K,,POINT (47.60792 17.24121),Soproni út 66/k,http://www.oil-benzinkutak.hu/kuthalozat/oil-csorna/,,,,,True,,True,,,,,,,,874,+36 20 358 8086,,,,,,,,,,,,,,,,,,,,,,,,,,,,,,,,,,,,,,,,,,,,,,,,,,,,2022-03-07 10:14:45.309866+00:00,,,47.60792,17.24121,32,OIL!,fuel,"{'operator': 'Mabanaft Hungary Kft.', 'payment:visa_electron': 'yes', 'brand': 'OIL!', 'payment:cash': 'yes', 'fuel:octane_95': 'yes', 'brand:wikipedia': 'OIL! Tankstellen', 'payment:contactless': 'yes', 'payment:maestro': 'yes', 'ref:HU:company': '01-09-699184', 'payment:visa': 'yes', 'payment:mastercard_electronic': 'yes', 'contact:facebook': 'https://www.facebook.com/OILHungary/', 'amenity': 'fuel', 'payment:mastercard_contactless': 'yes', 'brand:wikidata': 'Q2007561', 'fuel:diesel': 'yes', 'operator:addr': '1016 Budapest, Mészáros utca 58/B', 'ref:vatin': 'HU12700226', 'ref:vatin:hu': '12700226-2-44', 'name': 'OIL!', 'payment:mastercard': 'yes'}",https://www.oil-benzinkutak.hu,huoilfu,(oil|oil!|oil benzinkutak|oil-benzinkutak),,False,False,2000.0,450.0,60.0,,,,,2022-03-07 11:06:58.941541,,,,True
6084,1134,32,Fertőszéplak,4249,9436,Fertőszéplak,Nagy Lajos király utca,8,,POINT (47.61827 16.84927),Nagy Lajos utca 87.,http://www.oil-benzinkutak.hu/kuthalozat/oil-fertoszeplak/,,,,,True,,True,,,,,,,,882,+36 20 548 9222,,,,,,,,,,,,,,,,,,,,,,,,,,,,,,,,,,,,,,,,,,,,,,,,,,,,2022-03-07 10:14:45.309866+00:00,,,47.6183217,16.8491601,32,OIL!,fuel,"{'operator': 'Mabanaft Hungary Kft.', 'payment:visa_electron': 'yes', 'brand': 'OIL!', 'payment:cash': 'yes', 'fuel:octane_95': 'yes', 'brand:wikipedia': 'OIL! Tankstellen', 'payment:contactless': 'yes', 'payment:maestro': 'yes', 'ref:HU:company': '01-09-699184', 'payment:visa': 'yes', 'payment:mastercard_electronic': 'yes', 'contact:facebook': 'https://www.facebook.com/OILHungary/', 'amenity': 'fuel', 'payment:mastercard_contactless': 'yes', 'brand:wikidata': 'Q2007561', 'fuel:diesel': 'yes', 'operator:addr': '1016 Budapest, Mészáros utca 58/B', 'ref:vatin': 'HU12700226', 'ref:vatin:hu': '12700226-2-44', 'name': 'OIL!', 'payment:mastercard': 'yes'}",https://www.oil-benzinkutak.hu,huoilfu,(oil|oil!|oil benzinkutak|oil-benzinkutak),,False,False,2000.0,450.0,60.0,2313253896,OSM_object_type.node,7,0,2022-02-22 21:51:31.000000,"{'brand:wikidata': 'Q2007561', 'addr:street': 'Nagy Lajos király utca', 'amenity': 'fuel', 'brand': 'OIL!', 'addr:postcode': '9436', 'addr:housenumber': '8', 'brand:wikipedia': 'de:OIL! Tankstellen', 'addr:city': 'Fertőszéplak', 'name': 'OIL!'}",,10.04499916,
6085,1132,32,Petőháza,4254,9443,Petőháza,,,269/115,POINT (47.59771 16.88814),Hrsz. 269/115,https://www.oil-benzinkutak.hu,,,,,True,,True,,,,,,,,1550,,,,,,,,,,,,,,,,,,,,,,,,,,,,,,,,,,,,,,,,,,,,,,,,,,,,,2022-03-07 10:14:45.309866+00:00,,,47.591522749999996,16.893928163520847,32,OIL!,fuel,"{'operator': 'Mabanaft Hungary Kft.', 'payment:visa_electron': 'yes', 'brand': 'OIL!', 'payment:cash': 'yes', 'fuel:octane_95': 'yes', 'brand:wikipedia': 'OIL! Tankstellen', 'payment:contactless': 'yes', 'payment:maestro': 'yes', 'ref:HU:company': '01-09-699184', 'payment:visa': 'yes', 'payment:mastercard_electronic': 'yes', 'contact:facebook': 'https://www.facebook.com/OILHungary/', 'amenity': 'fuel', 'payment:mastercard_contactless': 'yes', 'brand:wikidata': 'Q2007561', 'fuel:diesel': 'yes', 'operator:addr': '1016 Budapest, Mészáros utca 58/B', 'ref:vatin': 'HU12700226', 'ref:vatin:hu': '12700226-2-44', 'name': 'OIL!', 'payment:mastercard': 'yes'}",https://www.oil-benzinkutak.hu,huoilfu,(oil|oil!|oil benzinkutak|oil-benzinkutak),,False,False,2000.0,450.0,60.0,755024629,OSM_object_type.way,4,0,2021-12-04 20:01:43.000000,"{'brand:wikidata': 'Q2007561', 'amenity': 'fuel', 'brand': 'OIL!', 'addr:postcode': '9443', 'brand:wikipedia': 'de:OIL! Tankstellen', 'addr:city': 'Petőháza', 'addr:conscriptionnumber': '269/115', 'name': 'OIL!', 'building': 'retail'}","[7053111948, 7053111949, 7053111950, 7053111951, 7053111952, 7053111953, 7053111954, 7053111955, 7053111956, 7053111948]",0,
6086,1130,32,Zsédeny,4335,9635,Zsédeny,,,02/14,POINT (47.33189 16.90771),Autóspihenő 02/14 hrsz.,https://www.oil-benzinkutak.hu,,,,,True,,True,,,,,,,,6245,,,,,,,,,,,,,,,,,,,,,,,,,,,,,,,,,,,,,,,,,,,,,,,,,,,,,2022-03-07 10:14:45.309866+00:00,,,47.33189,16.90771,32,OIL!,fuel,"{'operator': 'Mabanaft Hungary Kft.', 'payment:visa_electron': 'yes', 'brand': 'OIL!', 'payment:cash': 'yes', 'fuel:octane_95': 'yes', 'brand:wikipedia': 'OIL! Tankstellen', 'payment:contactless': 'yes', 'payment:maestro': 'yes', 'ref:HU:company': '01-09-699184', 'payment:visa': 'yes', 'payment:mastercard_electronic': 'yes', 'contact:facebook': 'https://www.facebook.com/OILHungary/', 'amenity': 'fuel', 'payment:mastercard_contactless': 'yes', 'brand:wikidata': 'Q2007561', 'fuel:diesel': 'yes', 'operator:addr': '1016 Budapest, Mészáros utca 58/B', 'ref:vatin': 'HU12700226', 'ref:vatin:hu': '12700226-2-44', 'name': 'OIL!', 'payment:mastercard': 'yes'}",https://www.oil-benzinkutak.hu,huoilfu,(oil|oil!|oil benzinkutak|oil-benzinkutak),,False,False,2000.0,450.0,60.0,,,,,2022-03-07 11:06:58.941541,,,,True
